Exp.UID,CLIP.UID
ENCFF557ODA,NOVA2_MN_HITSCLIP
ENCFF557ODA,NOVA2_WSC_HITSCLIP
ENCFF393MNZ,RC3H1_PARCLIP
ENCFF004ECZ,ENCFF266TKW
ENCFF004ECZ,ENCFF917CBK
ENCFF002DHF,ENCFF206RIM
ENCFF002DHF,ENCFF871NYM
ENCFF235WCJ,ENCFF167CDB
ENCFF235WCJ,ENCFF440ROZ
ENCFF002DGP,Mbnl1_CLIP_GSM981227_129Brain_clusters
ENCFF002DGP,Mbnl1_CLIP_GSM981230_C2C12_clusters
ENCFF002BYP,ENCFF726SQU
ENCFF002BYP,ENCFF907HNN
ENCFF975PLP,ENCFF098REE
ENCFF975PLP,ENCFF900IOH
TGCTAA40NAACAAAG,RC3H1_PARCLIP
TCACTG40NACCAAG,ENCFF704OCI
TCACTG40NACCAAG,ENCFF786UOW
TATGAG40NCGTAAG,ENCFF266TKW
TATGAG40NCGTAAG,ENCFF917CBK
TGGACT40NAATEMJ,ELAVL1_HEK293_PARCLIP
TTGCGA40NTACGAAG,ENCFF206RIM
TTGCGA40NTACGAAG,ENCFF871NYM
TACCGG40NAGTAAG,ENCFF167CDB
TACCGG40NAGTAAG,ENCFF440ROZ
TCCGCG40NTCTAAG,ENCFF880MWQ
TCGTAA40NCGGAAG,ENCFF098REE
TCGTAA40NCGGAAG,ENCFF900IOH
TTTGTT40NTTAGAAG,ENCFF392AEV
TTTGTT40NTTAGAAG,ENCFF797GSK
TATTCT40NCTCAAG,NOVA2_MN_HITSCLIP
TATTCT40NCTCAAG,NOVA2_WSC_HITSCLIP
RNACS003,ENCFF704OCI
RNACS003,ENCFF786UOW
RNACS001,ELAVL1_HEK293_PARCLIP
RNACS002,ENCFF726SQU
RNACS002,ENCFF907HNN
RNACS006,ENCFF886XUO
RNACS006,ENCFF934ANS
RNACS007,ENCFF623WGE
AA40NCCGCGTAAPA,ENCFF623WGE
GT40NACGATCAAUC,NOVA2_MN_HITSCLIP
GT40NACGATCAAUC,NOVA2_WSC_HITSCLIP
GA40NCTGATTAAND,RC3H1_PARCLIP
GT40NGAAGTAAAPD,ENCFF061XNA
GT40NGAAGTAAAPD,ENCFF341XMP
GT40NGCGTGTAAUC,ENCFF704OCI
GT40NGCGTGTAAUC,ENCFF786UOW
CA40NTGCCGTAAPB,ENCFF266TKW
CA40NTGCCGTAAPB,ENCFF917CBK
GC40NCACTTCAAUC,ELAVL1_HEK293_PARCLIP
TC40NAATCTCAAUC,ENCFF206RIM
TC40NAATCTCAAUC,ENCFF871NYM
TG40NTGTGTTAAPA,ENCFF886XUO
TG40NTGTGTTAAPA,ENCFF934ANS
AT40NCCTTGGAAND,ENCFF167CDB
AT40NCCTTGGAAND,ENCFF440ROZ
GA40NTTCCTAAAND,ENCFF880MWQ
CT40NTTGCGCAAPC,Mbnl1_CLIP_GSM981227_129Brain_clusters
CT40NTTGCGCAAPC,Mbnl1_CLIP_GSM981230_C2C12_clusters
CG40NAATAGCAAPB,ENCFF726SQU
CG40NAATAGCAAPB,ENCFF907HNN
GA40NGAGCTGAAPC,ENCFF098REE
GA40NGAGCTGAAPC,ENCFF900IOH
GC40NTATAGGAAND,ENCFF392AEV
GC40NTATAGGAAND,ENCFF797GSK